Account,Campaign,Campaign Type,Campaign Daily Budget,Campaign Status,Bid Strategy Type,Location,Language,Networks,Ad Group,Max CPC,Keyword,Criterion Type,Ad Type,Final URL,Path 1,Path 2,Ad Status,Headline 1,Headline 1 position,Headline 2,Headline 3,Headline 4,Headline 5,Headline 6,Headline 7,Headline 8,Headline 9,Headline 10,Headline 11,Headline 12,Headline 13,Headline 14,Headline 15,Description 1,Description 2,Description 3,Description 4,Sitelink text,Sitelink description line 1,Sitelink description line 2,Sitelink final URL,Callout text
SofortPDF (207-772-4388),SF_BRAND,Search,3,Enabled,Maximize clicks,Germany;Austria;Switzerland,German,Google search,,,,,,,,,,,,,,,,,,,,,,,,,,,,,,,,,,
SofortPDF (207-772-4388),SF_SEARCH_HIGH,Search,40,Enabled,Maximize clicks,Germany;Austria;Switzerland,German,Google search,,,,,,,,,,,,,,,,,,,,,,,,,,,,,,,,,,
SofortPDF (207-772-4388),SF_SEARCH_MID,Search,13,Enabled,Maximize clicks,Germany;Austria;Switzerland,German,Google search,,,,,,,,,,,,,,,,,,,,,,,,,,,,,,,,,,
SofortPDF (207-772-4388),SF_SEARCH_COMP,Search,7,Paused,Maximize clicks,Germany;Austria;Switzerland,German,Google search,,,,,,,,,,,,,,,,,,,,,,,,,,,,,,,,,,
SofortPDF (207-772-4388),SF_BRAND,,,,,,,,Brand Terms,,,,Responsive search ad,https://sofortpdf.com/de,de,,Enabled,sofortpdf.com — Offizielle Seite,1,Alle PDF-Tools an einem Ort,"Jetzt für nur 0,69 € testen",PDF zusammenfügen & mehr,DSGVO-konform · EU-Server,Ohne Installation · Sofort los,19 PDF-Tools · Ein Preis,Professionelle PDF-Bearbeitung,256-Bit SSL-Verschlüsselung,Automatische Datei-Löschung,sofortpdf — Schnell & Sicher,PDF-Tools direkt im Browser,Jederzeit kündbar,PDF bearbeiten in Sekunden,Sicher · Schnell · Einfach,"PDF zusammenfügen, komprimieren, konvertieren und unterschreiben — alles online, ohne Software. Server in der EU. DSGVO-konform. Jetzt testen.","19 professionelle PDF-Tools: zusammenfügen, komprimieren, konvertieren. Sicher, schnell und direkt im Browser. Ab 0,69 €.",Ihre Daten bleiben in Europa. 256-Bit SSL. Automatische Löschung nach Verarbeitung. Sofort loslegen.,"PDF zu Word, Word zu PDF, JPG zu PDF und mehr. Keine Installation. Professionelle Ergebnisse in Sekunden.",,,,,
SofortPDF (207-772-4388),SF_SEARCH_HIGH,,,,,,,,PDF zu Word,,,,Responsive search ad,https://sofortpdf.com/de/pdf-zu-word,de,pdf-zu-word,Enabled,PDF zu Word — Sofort online,1,PDF in Word umwandeln,"Jetzt für nur 0,69 € testen",DSGVO-konform · EU-Server,PDF zu Word in Sekunden,256-Bit SSL · Sicher & schnell,Professionelle Konvertierung,Keine Software nötig,PDF zu DOCX im Browser,Automatische Datei-Löschung,Alle PDF-Tools an einem Ort,19 Tools · Ein Preis,Jederzeit kündbar,Ohne Installation · Sofort los,Layout bleibt erhalten,"PDF zu Word konvertieren — schnell, sicher und ohne Software. DSGVO-konform, Server in der EU. Automatische Löschung. Jetzt für nur 0,69 € testen.",Professionelle PDF-zu-Word-Konvertierung direkt im Browser. Layout bleibt erhalten. 19 weitere PDF-Tools inklusive. Sofort loslegen.,Ihre Daten bleiben in Europa. 256-Bit Verschlüsselung. Keine Installation. PDF zu Word in wenigen Sekunden erledigt.,"Warum kompliziert? PDF zu Word online — einfach Datei hochladen, konvertieren, herunterladen. Sicher und DSGVO-konform.",,,,,
SofortPDF (207-772-4388),SF_SEARCH_HIGH,,,,,,,,PDF zusammenfuegen,,,,Responsive search ad,https://sofortpdf.com/de/pdf-zusammenfuegen,de,zusammenfuegen,Enabled,PDF zusammenfügen — Sofort,1,PDFs verbinden · Online,"Jetzt für nur 0,69 € testen",DSGVO-konform · EU-Server,PDFs in Sekunden verbinden,256-Bit SSL · Sicher & schnell,Professionelle Ergebnisse,Keine Software nötig,Drag & Drop · Sofort fertig,Automatische Datei-Löschung,Alle PDF-Tools an einem Ort,19 Tools · Ein Preis,Jederzeit kündbar,Ohne Installation · Sofort los,Reihenfolge frei wählen,"PDF-Dateien zusammenfügen — schnell, sicher und ohne Software. DSGVO-konform, Server in der EU. Automatische Löschung. Jetzt für nur 0,69 € testen.",Mehrere PDFs zusammenfügen direkt im Browser. Reihenfolge frei wählen. Drag & Drop. 19 weitere PDF-Tools inklusive.,Ihre Daten bleiben in Europa. 256-Bit Verschlüsselung. Keine Installation. PDFs in wenigen Sekunden zusammengefügt.,"Warum kompliziert? PDFs zusammenfügen online — Dateien hochladen, sortieren, verbinden. Sicher und DSGVO-konform.",,,,,
SofortPDF (207-772-4388),SF_SEARCH_HIGH,,,,,,,,PDF komprimieren,,,,Responsive search ad,https://sofortpdf.com/de/pdf-komprimieren,de,komprimieren,Enabled,PDF komprimieren — Sofort,1,PDF verkleinern · Online,"Jetzt für nur 0,69 € testen",DSGVO-konform · EU-Server,PDF-Größe sofort reduzieren,256-Bit SSL · Sicher & schnell,Qualität bleibt erhalten,Keine Software nötig,Perfekt für E-Mail-Versand,Automatische Datei-Löschung,Alle PDF-Tools an einem Ort,19 Tools · Ein Preis,Jederzeit kündbar,Ohne Installation · Sofort los,Bis zu 90% kleiner,"PDF komprimieren — schnell, sicher und ohne Software. DSGVO-konform, Server in der EU. Automatische Löschung. Jetzt für nur 0,69 € testen.",PDF-Dateien verkleinern direkt im Browser. Qualität bleibt erhalten. Perfekt für E-Mail. 19 weitere PDF-Tools inklusive.,Ihre Daten bleiben in Europa. 256-Bit Verschlüsselung. Keine Installation. PDF in wenigen Sekunden komprimiert.,"Warum kompliziert? PDF verkleinern online — Datei hochladen, komprimieren, herunterladen. Sicher und DSGVO-konform.",,,,,
SofortPDF (207-772-4388),SF_SEARCH_MID,,,,,,,,Online PDF Tools,,,,Responsive search ad,https://sofortpdf.com/de,de,pdf-tools,Enabled,PDF online bearbeiten,1,19 PDF-Tools · Ein Preis,"Jetzt für nur 0,69 € testen",DSGVO-konform · EU-Server,PDF-Editor direkt im Browser,256-Bit SSL · Sicher,Ohne Software · Sofort los,Keine Installation nötig,Professionelle PDF-Bearbeitung,Automatische Datei-Löschung,Komprimieren · Konvertieren,Zusammenfügen · Trennen,Jederzeit kündbar,Server in Deutschland,Schnell · Sicher · Einfach,"PDF online bearbeiten — 19 professionelle Tools zum Zusammenfügen, Komprimieren, Konvertieren. DSGVO-konform, EU-Server. Ab 0,69 €.","Alle PDF-Tools an einem Ort. Ohne Installation, direkt im Browser. Sicher, schnell und DSGVO-konform. Jetzt testen.",Ihre Daten bleiben in Europa. 256-Bit SSL. Automatische Löschung. Professionelle PDF-Bearbeitung ohne Software.,"PDF bearbeiten ohne Software — zusammenfügen, komprimieren, konvertieren und mehr. Server in der EU. Sofort loslegen.",,,,,
SofortPDF (207-772-4388),SF_SEARCH_MID,,,,,,,,PDF zu JPG,,,,Responsive search ad,https://sofortpdf.com/de/pdf-zu-jpg,de,pdf-zu-jpg,Enabled,PDF zu JPG — Sofort online,1,PDF in Bilder umwandeln,"Jetzt für nur 0,69 € testen",DSGVO-konform · EU-Server,PDF zu JPG in Sekunden,256-Bit SSL · Sicher & schnell,Hohe Bildqualität garantiert,Keine Software nötig,PDF zu PNG auch möglich,Automatische Datei-Löschung,Alle PDF-Tools an einem Ort,19 Tools · Ein Preis,Jederzeit kündbar,Ohne Installation · Sofort los,Jede Seite als Bild speichern,"PDF zu JPG konvertieren — schnell, sicher und ohne Software. DSGVO-konform, Server in der EU. Automatische Löschung. Jetzt für nur 0,69 € testen.",PDF-Seiten als hochwertige JPG-Bilder speichern. Direkt im Browser. 19 weitere PDF-Tools inklusive. Sofort loslegen.,Ihre Daten bleiben in Europa. 256-Bit Verschlüsselung. Keine Installation. PDF zu JPG in wenigen Sekunden erledigt.,"Warum kompliziert? PDF zu JPG online — Datei hochladen, konvertieren, herunterladen. Sicher und DSGVO-konform.",,,,,
SofortPDF (207-772-4388),SF_SEARCH_COMP,,,,,,,,iLovePDF Alternative,,,,Responsive search ad,https://sofortpdf.com/de,de,alternative,Enabled,Sichere PDF-Alternative,1,Server in der EU · DSGVO,"Alle PDF-Tools ab 0,69 €",Warum Daten ins Ausland?,19 Tools · Deutsche Qualität,Ohne Installation · Sofort,256-Bit SSL-Verschlüsselung,Automatische Datei-Löschung,Günstiger & sicherer,PDF-Tools mit EU-Datenschutz,Jetzt testen · Kündbar,Alle Formate unterstützt,Professionell & erschwinglich,Die sichere Alternative,DSGVO-konform arbeiten,"Warum sensible Dokumente außerhalb der EU verarbeiten? sofortpdf: Alle PDF-Tools, Server in der EU, DSGVO-konform. Ab 0,69 €.","PDF zusammenfügen, komprimieren, konvertieren — sicher und schnell. Die europäische Alternative zu internationalen PDF-Diensten.",19 professionelle PDF-Tools zum fairen Preis. Keine versteckten Kosten. Server in der EU. Automatische Löschung. Jetzt testen.,"Wechseln Sie zu sofortpdf: Schneller, sicherer, günstiger. Alle PDF-Tools in einem Abo. DSGVO-konform.",,,,,
SofortPDF (207-772-4388),SF_SEARCH_COMP,,,,,,,,Smallpdf Alternative,,,,Responsive search ad,https://sofortpdf.com/de,de,alternative,Enabled,Sichere Smallpdf-Alternative,1,Server in der EU · DSGVO,"Alle PDF-Tools ab 0,69 €",Daten bleiben in Europa,19 Tools · Ein Preis,Ohne Installation · Sofort,256-Bit SSL-Verschlüsselung,Automatische Datei-Löschung,Günstiger als Smallpdf,PDF-Tools mit EU-Datenschutz,Jetzt testen · Kündbar,Alle Formate unterstützt,Professionell & erschwinglich,Die sichere Alternative,DSGVO-konform arbeiten,"Warum sensible Dokumente außerhalb der EU verarbeiten? sofortpdf: Alle PDF-Tools, Server in der EU, DSGVO-konform. Ab 0,69 €.","Die europäische Alternative zu Smallpdf. PDF zusammenfügen, komprimieren, konvertieren — sicher und schnell. EU-Server.","19 professionelle PDF-Tools zum fairen Preis. Server in der EU. Automatische Löschung. Jetzt für 0,69 € testen.","Wechseln Sie zu sofortpdf: Alle PDF-Tools, EU-Datenschutz, günstiger Preis. DSGVO-konform. Sofort loslegen.",,,,,
SofortPDF (207-772-4388),SF_SEARCH_COMP,,,,,,,,PDF24 Alternative,,,,Responsive search ad,https://sofortpdf.com/de,de,alternative,Enabled,PDF24-Alternative · Online,1,Server in der EU · DSGVO,"Alle PDF-Tools ab 0,69 €",19 professionelle PDF-Tools,Schneller als PDF24,Ohne Installation · Sofort,256-Bit SSL-Verschlüsselung,Automatische Datei-Löschung,Premium-Tools · Fairer Preis,PDF-Tools mit EU-Datenschutz,Jetzt testen · Kündbar,Alle Formate unterstützt,Professionell & erschwinglich,Mehr Tools · Weniger Werbung,DSGVO-konform arbeiten,"Die Premium-Alternative zu PDF24. Alle PDF-Tools ohne Werbung, Server in der EU, DSGVO-konform. Ab nur 0,69 €.","PDF zusammenfügen, komprimieren, konvertieren — professionell und werbefrei. 19 Tools, ein Preis. EU-Server.","19 professionelle PDF-Tools. Keine Werbung, keine versteckten Kosten. Server in der EU. Jetzt für 0,69 € testen.","Mehr als PDF24 — professionelle Ergebnisse, schnellere Verarbeitung, EU-Datenschutz. DSGVO-konform. Sofort loslegen.",,,,,
SofortPDF (207-772-4388),SF_SEARCH_COMP,,,,,,,,Adobe Alternative,,,,Responsive search ad,https://sofortpdf.com/de,de,alternative,Enabled,Adobe Acrobat-Alternative,1,Server in der EU · DSGVO,"PDF-Tools ab nur 0,69 €",19 PDF-Tools · Ein Preis,90% günstiger als Adobe,Ohne Installation · Sofort,256-Bit SSL-Verschlüsselung,Automatische Datei-Löschung,Gleiche Ergebnisse · Fair,PDF-Tools mit EU-Datenschutz,Jetzt testen · Kündbar,Kein Abo-Zwang wie Adobe,Professionell & erschwinglich,Die faire Alternative,DSGVO-konform arbeiten,"Warum ein teures Adobe-Abo zahlen? sofortpdf bietet 19 PDF-Tools ab 0,69 €. Server in der EU. DSGVO-konform.","Die günstige Alternative zu Adobe Acrobat. PDF zusammenfügen, komprimieren, konvertieren. Kein teures Abo nötig.",19 professionelle PDF-Tools zum Bruchteil des Adobe-Preises. EU-Server. Automatische Löschung. Jetzt testen.,"Alles was Adobe kann — zum fairen Preis. DSGVO-konform, EU-Server, keine Installation. Sofort loslegen.",,,,,
SofortPDF (207-772-4388),,,,,,,,,,,,,,,,,,,,,,,,,,,,,,,,,,,,,,PDF zusammenfügen,PDFs schnell verbinden,Drag & Drop · Sofort fertig,https://sofortpdf.com/de/pdf-zusammenfuegen,
SofortPDF (207-772-4388),,,,,,,,,,,,,,,,,,,,,,,,,,,,,,,,,,,,,,PDF komprimieren,PDF-Dateien verkleinern,Perfekt für E-Mail-Versand,https://sofortpdf.com/de/pdf-komprimieren,
SofortPDF (207-772-4388),,,,,,,,,,,,,,,,,,,,,,,,,,,,,,,,,,,,,,PDF zu Word,PDF in Word umwandeln,Layout bleibt erhalten,https://sofortpdf.com/de/pdf-zu-word,
SofortPDF (207-772-4388),,,,,,,,,,,,,,,,,,,,,,,,,,,,,,,,,,,,,,PDF zu JPG,PDF in Bilder umwandeln,Hohe Qualität · Sofort fertig,https://sofortpdf.com/de/pdf-zu-jpg,
SofortPDF (207-772-4388),,,,,,,,,,,,,,,,,,,,,,,,,,,,,,,,,,,,,,Bild zu PDF,JPG PNG WEBP zu PDF,Alle Formate · Sofort fertig,https://sofortpdf.com/de/bild-zu-pdf,
SofortPDF (207-772-4388),,,,,,,,,,,,,,,,,,,,,,,,,,,,,,,,,,,,,,PDF unterschreiben,PDF digital signieren,Sicher und rechtskonform,https://sofortpdf.com/de/pdf-unterzeichnen,
SofortPDF (207-772-4388),,,,,,,,,,,,,,,,,,,,,,,,,,,,,,,,,,,,,,Alle Tools ansehen,19 professionelle PDF-Tools,"Zusammenfügen, konvertieren & mehr",https://sofortpdf.com/de#tools,
SofortPDF (207-772-4388),,,,,,,,,,,,,,,,,,,,,,,,,,,,,,,,,,,,,,Preise,"Ab 0,69 € testen","39,90 €/Monat · Jederzeit kündbar",https://sofortpdf.com/de#pricing,
SofortPDF (207-772-4388),,,,,,,,,,,,,,,,,,,,,,,,,,,,,,,,,,,,,,Datensicherheit,DSGVO-konform · EU-Server,256-Bit SSL · Auto-Löschung,https://sofortpdf.com/de/datenschutz,
SofortPDF (207-772-4388),,,,,,,,,,,,,,,,,,,,,,,,,,,,,,,,,,,,,,Kontakt,Fragen? Wir helfen gerne,Schnelle Antwort garantiert,https://sofortpdf.com/de/kontakt,
SofortPDF (207-772-4388),,,,,,,,,,,,,,,,,,,,,,,,,,,,,,,,,,,,,,,,,,DSGVO-konform
SofortPDF (207-772-4388),,,,,,,,,,,,,,,,,,,,,,,,,,,,,,,,,,,,,,,,,,Server in der EU
SofortPDF (207-772-4388),,,,,,,,,,,,,,,,,,,,,,,,,,,,,,,,,,,,,,,,,,256-Bit SSL
SofortPDF (207-772-4388),,,,,,,,,,,,,,,,,,,,,,,,,,,,,,,,,,,,,,,,,,Ohne Installation
SofortPDF (207-772-4388),,,,,,,,,,,,,,,,,,,,,,,,,,,,,,,,,,,,,,,,,,19 PDF-Tools
SofortPDF (207-772-4388),,,,,,,,,,,,,,,,,,,,,,,,,,,,,,,,,,,,,,,,,,Automatische Löschung
SofortPDF (207-772-4388),,,,,,,,,,,,,,,,,,,,,,,,,,,,,,,,,,,,,,,,,,Jederzeit kündbar
SofortPDF (207-772-4388),,,,,,,,,,,,,,,,,,,,,,,,,,,,,,,,,,,,,,,,,,"Ab 0,69 € testen"
SofortPDF (207-772-4388),SF_BRAND,,,,,,,,Brand Terms,0.5,[sofortpdf],Exact,,,,,,,,,,,,,,,,,,,,,,,,,,,,,,
SofortPDF (207-772-4388),SF_BRAND,,,,,,,,Brand Terms,0.5,[sofort pdf],Exact,,,,,,,,,,,,,,,,,,,,,,,,,,,,,,
SofortPDF (207-772-4388),SF_BRAND,,,,,,,,Brand Terms,0.5,[sofortpdf.com],Exact,,,,,,,,,,,,,,,,,,,,,,,,,,,,,,
SofortPDF (207-772-4388),SF_BRAND,,,,,,,,Brand Terms,0.5,[sofort pdf tool],Exact,,,,,,,,,,,,,,,,,,,,,,,,,,,,,,
SofortPDF (207-772-4388),SF_BRAND,,,,,,,,Brand Terms,0.5,"""sofortpdf""",Phrase,,,,,,,,,,,,,,,,,,,,,,,,,,,,,,
SofortPDF (207-772-4388),SF_SEARCH_HIGH,,,,,,,,PDF zu Word,1.5,[pdf zu word],Exact,,,,,,,,,,,,,,,,,,,,,,,,,,,,,,
SofortPDF (207-772-4388),SF_SEARCH_HIGH,,,,,,,,PDF zu Word,1.5,[pdf in word umwandeln],Exact,,,,,,,,,,,,,,,,,,,,,,,,,,,,,,
SofortPDF (207-772-4388),SF_SEARCH_HIGH,,,,,,,,PDF zu Word,1.5,[pdf zu word online],Exact,,,,,,,,,,,,,,,,,,,,,,,,,,,,,,
SofortPDF (207-772-4388),SF_SEARCH_HIGH,,,,,,,,PDF zu Word,1.5,[pdf zu docx],Exact,,,,,,,,,,,,,,,,,,,,,,,,,,,,,,
SofortPDF (207-772-4388),SF_SEARCH_HIGH,,,,,,,,PDF zu Word,1.5,"""pdf zu word""",Phrase,,,,,,,,,,,,,,,,,,,,,,,,,,,,,,
SofortPDF (207-772-4388),SF_SEARCH_HIGH,,,,,,,,PDF zu Word,1.5,"""pdf in word umwandeln""",Phrase,,,,,,,,,,,,,,,,,,,,,,,,,,,,,,
SofortPDF (207-772-4388),SF_SEARCH_HIGH,,,,,,,,PDF zu Word,1.5,"""pdf zu word konvertieren""",Phrase,,,,,,,,,,,,,,,,,,,,,,,,,,,,,,
SofortPDF (207-772-4388),SF_SEARCH_HIGH,,,,,,,,PDF zu Word,1.5,"""pdf in word""",Phrase,,,,,,,,,,,,,,,,,,,,,,,,,,,,,,
SofortPDF (207-772-4388),SF_SEARCH_HIGH,,,,,,,,PDF zu Word,1.5,pdf word umwandeln,Broad,,,,,,,,,,,,,,,,,,,,,,,,,,,,,,
SofortPDF (207-772-4388),SF_SEARCH_HIGH,,,,,,,,PDF zu Word,1.5,pdf zu word konvertieren online,Broad,,,,,,,,,,,,,,,,,,,,,,,,,,,,,,
SofortPDF (207-772-4388),SF_SEARCH_HIGH,,,,,,,,PDF zu Word,1.5,[pdf to word],Exact,,,,,,,,,,,,,,,,,,,,,,,,,,,,,,
SofortPDF (207-772-4388),SF_SEARCH_HIGH,,,,,,,,PDF zu Word,1.5,[convert pdf to word],Exact,,,,,,,,,,,,,,,,,,,,,,,,,,,,,,
SofortPDF (207-772-4388),SF_SEARCH_HIGH,,,,,,,,PDF zu Word,1.5,[pdf to word online],Exact,,,,,,,,,,,,,,,,,,,,,,,,,,,,,,
SofortPDF (207-772-4388),SF_SEARCH_HIGH,,,,,,,,PDF zu Word,1.5,[pdf to docx],Exact,,,,,,,,,,,,,,,,,,,,,,,,,,,,,,
SofortPDF (207-772-4388),SF_SEARCH_HIGH,,,,,,,,PDF zu Word,1.5,"""pdf to word""",Phrase,,,,,,,,,,,,,,,,,,,,,,,,,,,,,,
SofortPDF (207-772-4388),SF_SEARCH_HIGH,,,,,,,,PDF zu Word,1.5,"""convert pdf to word""",Phrase,,,,,,,,,,,,,,,,,,,,,,,,,,,,,,
SofortPDF (207-772-4388),SF_SEARCH_HIGH,,,,,,,,PDF zu Word,1.5,pdf to word converter online,Broad,,,,,,,,,,,,,,,,,,,,,,,,,,,,,,
SofortPDF (207-772-4388),SF_SEARCH_HIGH,,,,,,,,PDF zusammenfuegen,1.5,[pdf zusammenfügen],Exact,,,,,,,,,,,,,,,,,,,,,,,,,,,,,,
SofortPDF (207-772-4388),SF_SEARCH_HIGH,,,,,,,,PDF zusammenfuegen,1.5,[pdf dateien zusammenfügen],Exact,,,,,,,,,,,,,,,,,,,,,,,,,,,,,,
SofortPDF (207-772-4388),SF_SEARCH_HIGH,,,,,,,,PDF zusammenfuegen,1.5,[pdf zusammenfügen online],Exact,,,,,,,,,,,,,,,,,,,,,,,,,,,,,,
SofortPDF (207-772-4388),SF_SEARCH_HIGH,,,,,,,,PDF zusammenfuegen,1.5,[pdfs zusammenfügen],Exact,,,,,,,,,,,,,,,,,,,,,,,,,,,,,,
SofortPDF (207-772-4388),SF_SEARCH_HIGH,,,,,,,,PDF zusammenfuegen,1.5,[mehrere pdf zusammenfügen],Exact,,,,,,,,,,,,,,,,,,,,,,,,,,,,,,
SofortPDF (207-772-4388),SF_SEARCH_HIGH,,,,,,,,PDF zusammenfuegen,1.5,"""pdf zusammenfügen""",Phrase,,,,,,,,,,,,,,,,,,,,,,,,,,,,,,
SofortPDF (207-772-4388),SF_SEARCH_HIGH,,,,,,,,PDF zusammenfuegen,1.5,"""pdfs zusammenfügen""",Phrase,,,,,,,,,,,,,,,,,,,,,,,,,,,,,,
SofortPDF (207-772-4388),SF_SEARCH_HIGH,,,,,,,,PDF zusammenfuegen,1.5,"""pdf dateien zusammenfügen""",Phrase,,,,,,,,,,,,,,,,,,,,,,,,,,,,,,
SofortPDF (207-772-4388),SF_SEARCH_HIGH,,,,,,,,PDF zusammenfuegen,1.5,"""pdf zusammenfügen online""",Phrase,,,,,,,,,,,,,,,,,,,,,,,,,,,,,,
SofortPDF (207-772-4388),SF_SEARCH_HIGH,,,,,,,,PDF zusammenfuegen,1.5,pdf dateien zusammenfügen online,Broad,,,,,,,,,,,,,,,,,,,,,,,,,,,,,,
SofortPDF (207-772-4388),SF_SEARCH_HIGH,,,,,,,,PDF zusammenfuegen,1.5,mehrere pdfs verbinden,Broad,,,,,,,,,,,,,,,,,,,,,,,,,,,,,,
SofortPDF (207-772-4388),SF_SEARCH_HIGH,,,,,,,,PDF zusammenfuegen,1.5,[merge pdf],Exact,,,,,,,,,,,,,,,,,,,,,,,,,,,,,,
SofortPDF (207-772-4388),SF_SEARCH_HIGH,,,,,,,,PDF zusammenfuegen,1.5,[merge pdf online],Exact,,,,,,,,,,,,,,,,,,,,,,,,,,,,,,
SofortPDF (207-772-4388),SF_SEARCH_HIGH,,,,,,,,PDF zusammenfuegen,1.5,[combine pdf],Exact,,,,,,,,,,,,,,,,,,,,,,,,,,,,,,
SofortPDF (207-772-4388),SF_SEARCH_HIGH,,,,,,,,PDF zusammenfuegen,1.5,[combine pdf files],Exact,,,,,,,,,,,,,,,,,,,,,,,,,,,,,,
SofortPDF (207-772-4388),SF_SEARCH_HIGH,,,,,,,,PDF zusammenfuegen,1.5,[merge pdf files],Exact,,,,,,,,,,,,,,,,,,,,,,,,,,,,,,
SofortPDF (207-772-4388),SF_SEARCH_HIGH,,,,,,,,PDF zusammenfuegen,1.5,"""merge pdf""",Phrase,,,,,,,,,,,,,,,,,,,,,,,,,,,,,,
SofortPDF (207-772-4388),SF_SEARCH_HIGH,,,,,,,,PDF zusammenfuegen,1.5,"""combine pdf""",Phrase,,,,,,,,,,,,,,,,,,,,,,,,,,,,,,
SofortPDF (207-772-4388),SF_SEARCH_HIGH,,,,,,,,PDF zusammenfuegen,1.5,merge pdf files online free,Broad,,,,,,,,,,,,,,,,,,,,,,,,,,,,,,
SofortPDF (207-772-4388),SF_SEARCH_HIGH,,,,,,,,PDF zusammenfuegen,1.5,combine multiple pdfs,Broad,,,,,,,,,,,,,,,,,,,,,,,,,,,,,,
SofortPDF (207-772-4388),SF_SEARCH_HIGH,,,,,,,,PDF komprimieren,1.5,[pdf komprimieren],Exact,,,,,,,,,,,,,,,,,,,,,,,,,,,,,,
SofortPDF (207-772-4388),SF_SEARCH_HIGH,,,,,,,,PDF komprimieren,1.5,[pdf verkleinern],Exact,,,,,,,,,,,,,,,,,,,,,,,,,,,,,,
SofortPDF (207-772-4388),SF_SEARCH_HIGH,,,,,,,,PDF komprimieren,1.5,[pdf komprimieren online],Exact,,,,,,,,,,,,,,,,,,,,,,,,,,,,,,
SofortPDF (207-772-4388),SF_SEARCH_HIGH,,,,,,,,PDF komprimieren,1.5,[pdf datei verkleinern],Exact,,,,,,,,,,,,,,,,,,,,,,,,,,,,,,
SofortPDF (207-772-4388),SF_SEARCH_HIGH,,,,,,,,PDF komprimieren,1.5,[pdf größe reduzieren],Exact,,,,,,,,,,,,,,,,,,,,,,,,,,,,,,
SofortPDF (207-772-4388),SF_SEARCH_HIGH,,,,,,,,PDF komprimieren,1.5,"""pdf komprimieren""",Phrase,,,,,,,,,,,,,,,,,,,,,,,,,,,,,,
SofortPDF (207-772-4388),SF_SEARCH_HIGH,,,,,,,,PDF komprimieren,1.5,"""pdf verkleinern""",Phrase,,,,,,,,,,,,,,,,,,,,,,,,,,,,,,
SofortPDF (207-772-4388),SF_SEARCH_HIGH,,,,,,,,PDF komprimieren,1.5,"""pdf komprimieren online""",Phrase,,,,,,,,,,,,,,,,,,,,,,,,,,,,,,
SofortPDF (207-772-4388),SF_SEARCH_HIGH,,,,,,,,PDF komprimieren,1.5,"""pdf größe reduzieren""",Phrase,,,,,,,,,,,,,,,,,,,,,,,,,,,,,,
SofortPDF (207-772-4388),SF_SEARCH_HIGH,,,,,,,,PDF komprimieren,1.5,pdf kleiner machen online,Broad,,,,,,,,,,,,,,,,,,,,,,,,,,,,,,
SofortPDF (207-772-4388),SF_SEARCH_HIGH,,,,,,,,PDF komprimieren,1.5,pdf datei komprimieren für email,Broad,,,,,,,,,,,,,,,,,,,,,,,,,,,,,,
SofortPDF (207-772-4388),SF_SEARCH_HIGH,,,,,,,,PDF komprimieren,1.5,[compress pdf],Exact,,,,,,,,,,,,,,,,,,,,,,,,,,,,,,
SofortPDF (207-772-4388),SF_SEARCH_HIGH,,,,,,,,PDF komprimieren,1.5,[reduce pdf size],Exact,,,,,,,,,,,,,,,,,,,,,,,,,,,,,,
SofortPDF (207-772-4388),SF_SEARCH_HIGH,,,,,,,,PDF komprimieren,1.5,[compress pdf online],Exact,,,,,,,,,,,,,,,,,,,,,,,,,,,,,,
SofortPDF (207-772-4388),SF_SEARCH_HIGH,,,,,,,,PDF komprimieren,1.5,[shrink pdf],Exact,,,,,,,,,,,,,,,,,,,,,,,,,,,,,,
SofortPDF (207-772-4388),SF_SEARCH_HIGH,,,,,,,,PDF komprimieren,1.5,[pdf compressor],Exact,,,,,,,,,,,,,,,,,,,,,,,,,,,,,,
SofortPDF (207-772-4388),SF_SEARCH_HIGH,,,,,,,,PDF komprimieren,1.5,"""compress pdf""",Phrase,,,,,,,,,,,,,,,,,,,,,,,,,,,,,,
SofortPDF (207-772-4388),SF_SEARCH_HIGH,,,,,,,,PDF komprimieren,1.5,"""reduce pdf size""",Phrase,,,,,,,,,,,,,,,,,,,,,,,,,,,,,,
SofortPDF (207-772-4388),SF_SEARCH_HIGH,,,,,,,,PDF komprimieren,1.5,compress pdf file online,Broad,,,,,,,,,,,,,,,,,,,,,,,,,,,,,,
SofortPDF (207-772-4388),SF_SEARCH_HIGH,,,,,,,,PDF komprimieren,1.5,make pdf smaller,Broad,,,,,,,,,,,,,,,,,,,,,,,,,,,,,,
SofortPDF (207-772-4388),SF_SEARCH_MID,,,,,,,,Online PDF Tools,1.5,"""pdf bearbeiten online""",Phrase,,,,,,,,,,,,,,,,,,,,,,,,,,,,,,
SofortPDF (207-772-4388),SF_SEARCH_MID,,,,,,,,Online PDF Tools,1.5,"""pdf tools online""",Phrase,,,,,,,,,,,,,,,,,,,,,,,,,,,,,,
SofortPDF (207-772-4388),SF_SEARCH_MID,,,,,,,,Online PDF Tools,1.5,"""pdf online bearbeiten""",Phrase,,,,,,,,,,,,,,,,,,,,,,,,,,,,,,
SofortPDF (207-772-4388),SF_SEARCH_MID,,,,,,,,Online PDF Tools,1.5,[pdf editor online],Exact,,,,,,,,,,,,,,,,,,,,,,,,,,,,,,
SofortPDF (207-772-4388),SF_SEARCH_MID,,,,,,,,Online PDF Tools,1.5,[pdf bearbeiten ohne software],Exact,,,,,,,,,,,,,,,,,,,,,,,,,,,,,,
SofortPDF (207-772-4388),SF_SEARCH_MID,,,,,,,,Online PDF Tools,1.5,pdf online bearbeiten kostenlos,Broad,,,,,,,,,,,,,,,,,,,,,,,,,,,,,,
SofortPDF (207-772-4388),SF_SEARCH_MID,,,,,,,,Online PDF Tools,1.5,pdf editor browser,Broad,,,,,,,,,,,,,,,,,,,,,,,,,,,,,,
SofortPDF (207-772-4388),SF_SEARCH_MID,,,,,,,,Online PDF Tools,1.5,[online pdf editor],Exact,,,,,,,,,,,,,,,,,,,,,,,,,,,,,,
SofortPDF (207-772-4388),SF_SEARCH_MID,,,,,,,,Online PDF Tools,1.5,[edit pdf online],Exact,,,,,,,,,,,,,,,,,,,,,,,,,,,,,,
SofortPDF (207-772-4388),SF_SEARCH_MID,,,,,,,,Online PDF Tools,1.5,"""edit pdf online""",Phrase,,,,,,,,,,,,,,,,,,,,,,,,,,,,,,
SofortPDF (207-772-4388),SF_SEARCH_MID,,,,,,,,Online PDF Tools,1.5,"""pdf editor online""",Phrase,,,,,,,,,,,,,,,,,,,,,,,,,,,,,,
SofortPDF (207-772-4388),SF_SEARCH_MID,,,,,,,,Online PDF Tools,1.5,edit pdf online free,Broad,,,,,,,,,,,,,,,,,,,,,,,,,,,,,,
SofortPDF (207-772-4388),SF_SEARCH_MID,,,,,,,,PDF zu JPG,1.5,[pdf zu jpg],Exact,,,,,,,,,,,,,,,,,,,,,,,,,,,,,,
SofortPDF (207-772-4388),SF_SEARCH_MID,,,,,,,,PDF zu JPG,1.5,[pdf in jpg umwandeln],Exact,,,,,,,,,,,,,,,,,,,,,,,,,,,,,,
SofortPDF (207-772-4388),SF_SEARCH_MID,,,,,,,,PDF zu JPG,1.5,[pdf zu jpg online],Exact,,,,,,,,,,,,,,,,,,,,,,,,,,,,,,
SofortPDF (207-772-4388),SF_SEARCH_MID,,,,,,,,PDF zu JPG,1.5,[pdf als bild speichern],Exact,,,,,,,,,,,,,,,,,,,,,,,,,,,,,,
SofortPDF (207-772-4388),SF_SEARCH_MID,,,,,,,,PDF zu JPG,1.5,"""pdf zu jpg""",Phrase,,,,,,,,,,,,,,,,,,,,,,,,,,,,,,
SofortPDF (207-772-4388),SF_SEARCH_MID,,,,,,,,PDF zu JPG,1.5,"""pdf in jpg umwandeln""",Phrase,,,,,,,,,,,,,,,,,,,,,,,,,,,,,,
SofortPDF (207-772-4388),SF_SEARCH_MID,,,,,,,,PDF zu JPG,1.5,"""pdf zu bild""",Phrase,,,,,,,,,,,,,,,,,,,,,,,,,,,,,,
SofortPDF (207-772-4388),SF_SEARCH_MID,,,,,,,,PDF zu JPG,1.5,pdf seiten als bilder speichern,Broad,,,,,,,,,,,,,,,,,,,,,,,,,,,,,,
SofortPDF (207-772-4388),SF_SEARCH_MID,,,,,,,,PDF zu JPG,1.5,pdf in jpg konvertieren online,Broad,,,,,,,,,,,,,,,,,,,,,,,,,,,,,,
SofortPDF (207-772-4388),SF_SEARCH_MID,,,,,,,,PDF zu JPG,1.5,[pdf to jpg],Exact,,,,,,,,,,,,,,,,,,,,,,,,,,,,,,
SofortPDF (207-772-4388),SF_SEARCH_MID,,,,,,,,PDF zu JPG,1.5,[pdf to jpg online],Exact,,,,,,,,,,,,,,,,,,,,,,,,,,,,,,
SofortPDF (207-772-4388),SF_SEARCH_MID,,,,,,,,PDF zu JPG,1.5,[convert pdf to jpg],Exact,,,,,,,,,,,,,,,,,,,,,,,,,,,,,,
SofortPDF (207-772-4388),SF_SEARCH_MID,,,,,,,,PDF zu JPG,1.5,[pdf to image],Exact,,,,,,,,,,,,,,,,,,,,,,,,,,,,,,
SofortPDF (207-772-4388),SF_SEARCH_MID,,,,,,,,PDF zu JPG,1.5,"""pdf to jpg""",Phrase,,,,,,,,,,,,,,,,,,,,,,,,,,,,,,
SofortPDF (207-772-4388),SF_SEARCH_MID,,,,,,,,PDF zu JPG,1.5,"""convert pdf to jpg""",Phrase,,,,,,,,,,,,,,,,,,,,,,,,,,,,,,
SofortPDF (207-772-4388),SF_SEARCH_MID,,,,,,,,PDF zu JPG,1.5,convert pdf to jpg online free,Broad,,,,,,,,,,,,,,,,,,,,,,,,,,,,,,
SofortPDF (207-772-4388),SF_SEARCH_MID,,,,,,,,PDF zu JPG,1.5,pdf to image converter,Broad,,,,,,,,,,,,,,,,,,,,,,,,,,,,,,
SofortPDF (207-772-4388),SF_SEARCH_MID,,,,,,,,Bild zu PDF,,,,Responsive search ad,https://sofortpdf.com/de/bild-zu-pdf,de,bild-zu-pdf,Enabled,Bild zu PDF — Sofort online,1,JPG PNG WEBP zu PDF,"Jetzt für nur 0,69 € testen",DSGVO-konform · EU-Server,Bilder in PDF umwandeln,256-Bit SSL · Sicher & schnell,Alle Formate unterstützt,Keine Software nötig,Mehrere Bilder · Ein PDF,Automatische Datei-Löschung,Alle PDF-Tools an einem Ort,19 Tools · Ein Preis,Jederzeit kündbar,Ohne Installation · Sofort los,Drag & Drop · Sofort fertig,"Bilder zu PDF konvertieren — JPG, PNG, WEBP und mehr. Schnell, sicher und ohne Software. DSGVO-konform, EU-Server. Jetzt für nur 0,69 € testen.","Alle Bildformate zu PDF umwandeln. Mehrere Bilder in ein PDF zusammenfügen. Direkt im Browser. 19 weitere PDF-Tools inklusive.",Ihre Daten bleiben in Europa. 256-Bit Verschlüsselung. Keine Installation. Bilder zu PDF in wenigen Sekunden erledigt.,"Warum kompliziert? Bild zu PDF online — Dateien hochladen, konvertieren, herunterladen. Sicher und DSGVO-konform.",,,,,
SofortPDF (207-772-4388),SF_SEARCH_MID,,,,,,,,Bild zu PDF,1.5,[bild zu pdf],Exact,,,,,,,,,,,,,,,,,,,,,,,,,,,,,,
SofortPDF (207-772-4388),SF_SEARCH_MID,,,,,,,,Bild zu PDF,1.5,[bild in pdf umwandeln],Exact,,,,,,,,,,,,,,,,,,,,,,,,,,,,,,
SofortPDF (207-772-4388),SF_SEARCH_MID,,,,,,,,Bild zu PDF,1.5,[jpg zu pdf],Exact,,,,,,,,,,,,,,,,,,,,,,,,,,,,,,
SofortPDF (207-772-4388),SF_SEARCH_MID,,,,,,,,Bild zu PDF,1.5,[jpg in pdf umwandeln],Exact,,,,,,,,,,,,,,,,,,,,,,,,,,,,,,
SofortPDF (207-772-4388),SF_SEARCH_MID,,,,,,,,Bild zu PDF,1.5,[png zu pdf],Exact,,,,,,,,,,,,,,,,,,,,,,,,,,,,,,
SofortPDF (207-772-4388),SF_SEARCH_MID,,,,,,,,Bild zu PDF,1.5,"""bild zu pdf""",Phrase,,,,,,,,,,,,,,,,,,,,,,,,,,,,,,
SofortPDF (207-772-4388),SF_SEARCH_MID,,,,,,,,Bild zu PDF,1.5,"""jpg zu pdf""",Phrase,,,,,,,,,,,,,,,,,,,,,,,,,,,,,,
SofortPDF (207-772-4388),SF_SEARCH_MID,,,,,,,,Bild zu PDF,1.5,"""bild in pdf umwandeln""",Phrase,,,,,,,,,,,,,,,,,,,,,,,,,,,,,,
SofortPDF (207-772-4388),SF_SEARCH_MID,,,,,,,,Bild zu PDF,1.5,bilder zu pdf zusammenfügen,Broad,,,,,,,,,,,,,,,,,,,,,,,,,,,,,,
SofortPDF (207-772-4388),SF_SEARCH_MID,,,,,,,,Bild zu PDF,1.5,foto in pdf umwandeln online,Broad,,,,,,,,,,,,,,,,,,,,,,,,,,,,,,
SofortPDF (207-772-4388),SF_SEARCH_MID,,,,,,,,Bild zu PDF,1.5,[image to pdf],Exact,,,,,,,,,,,,,,,,,,,,,,,,,,,,,,
SofortPDF (207-772-4388),SF_SEARCH_MID,,,,,,,,Bild zu PDF,1.5,[jpg to pdf],Exact,,,,,,,,,,,,,,,,,,,,,,,,,,,,,,
SofortPDF (207-772-4388),SF_SEARCH_MID,,,,,,,,Bild zu PDF,1.5,[png to pdf],Exact,,,,,,,,,,,,,,,,,,,,,,,,,,,,,,
SofortPDF (207-772-4388),SF_SEARCH_MID,,,,,,,,Bild zu PDF,1.5,[convert image to pdf],Exact,,,,,,,,,,,,,,,,,,,,,,,,,,,,,,
SofortPDF (207-772-4388),SF_SEARCH_MID,,,,,,,,Bild zu PDF,1.5,"""image to pdf""",Phrase,,,,,,,,,,,,,,,,,,,,,,,,,,,,,,
SofortPDF (207-772-4388),SF_SEARCH_MID,,,,,,,,Bild zu PDF,1.5,"""jpg to pdf""",Phrase,,,,,,,,,,,,,,,,,,,,,,,,,,,,,,
SofortPDF (207-772-4388),SF_SEARCH_MID,,,,,,,,Bild zu PDF,1.5,convert jpg to pdf online free,Broad,,,,,,,,,,,,,,,,,,,,,,,,,,,,,,
SofortPDF (207-772-4388),SF_SEARCH_MID,,,,,,,,Bild zu PDF,1.5,image to pdf converter online,Broad,,,,,,,,,,,,,,,,,,,,,,,,,,,,,,
SofortPDF (207-772-4388),SF_SEARCH_COMP,,,,,,,,iLovePDF Alternative,1.0,[ilovepdf alternative],Exact,,,,,,,,,,,,,,,,,,,,,,,,,,,,,,
SofortPDF (207-772-4388),SF_SEARCH_COMP,,,,,,,,iLovePDF Alternative,1.0,[ilovepdf alternative deutsch],Exact,,,,,,,,,,,,,,,,,,,,,,,,,,,,,,
SofortPDF (207-772-4388),SF_SEARCH_COMP,,,,,,,,iLovePDF Alternative,1.0,"""ilovepdf alternative""",Phrase,,,,,,,,,,,,,,,,,,,,,,,,,,,,,,
SofortPDF (207-772-4388),SF_SEARCH_COMP,,,,,,,,iLovePDF Alternative,1.0,ilovepdf alternative sicher,Broad,,,,,,,,,,,,,,,,,,,,,,,,,,,,,,
SofortPDF (207-772-4388),SF_SEARCH_COMP,,,,,,,,iLovePDF Alternative,1.0,ilovepdf datenschutz,Broad,,,,,,,,,,,,,,,,,,,,,,,,,,,,,,
SofortPDF (207-772-4388),SF_SEARCH_COMP,,,,,,,,Smallpdf Alternative,1.0,[smallpdf alternative],Exact,,,,,,,,,,,,,,,,,,,,,,,,,,,,,,
SofortPDF (207-772-4388),SF_SEARCH_COMP,,,,,,,,Smallpdf Alternative,1.0,[smallpdf alternative kostenlos],Exact,,,,,,,,,,,,,,,,,,,,,,,,,,,,,,
SofortPDF (207-772-4388),SF_SEARCH_COMP,,,,,,,,Smallpdf Alternative,1.0,"""smallpdf alternative""",Phrase,,,,,,,,,,,,,,,,,,,,,,,,,,,,,,
SofortPDF (207-772-4388),SF_SEARCH_COMP,,,,,,,,Smallpdf Alternative,1.0,smallpdf alternative deutsch sicher,Broad,,,,,,,,,,,,,,,,,,,,,,,,,,,,,,
SofortPDF (207-772-4388),SF_SEARCH_COMP,,,,,,,,PDF24 Alternative,1.0,[pdf24 alternative],Exact,,,,,,,,,,,,,,,,,,,,,,,,,,,,,,
SofortPDF (207-772-4388),SF_SEARCH_COMP,,,,,,,,PDF24 Alternative,1.0,[pdf24 alternative online],Exact,,,,,,,,,,,,,,,,,,,,,,,,,,,,,,
SofortPDF (207-772-4388),SF_SEARCH_COMP,,,,,,,,PDF24 Alternative,1.0,"""pdf24 alternative""",Phrase,,,,,,,,,,,,,,,,,,,,,,,,,,,,,,
SofortPDF (207-772-4388),SF_SEARCH_COMP,,,,,,,,PDF24 Alternative,1.0,pdf24 alternative besser,Broad,,,,,,,,,,,,,,,,,,,,,,,,,,,,,,
SofortPDF (207-772-4388),SF_SEARCH_COMP,,,,,,,,Adobe Alternative,1.0,[adobe acrobat alternative],Exact,,,,,,,,,,,,,,,,,,,,,,,,,,,,,,
SofortPDF (207-772-4388),SF_SEARCH_COMP,,,,,,,,Adobe Alternative,1.0,[adobe pdf alternative günstig],Exact,,,,,,,,,,,,,,,,,,,,,,,,,,,,,,
SofortPDF (207-772-4388),SF_SEARCH_COMP,,,,,,,,Adobe Alternative,1.0,"""acrobat alternative""",Phrase,,,,,,,,,,,,,,,,,,,,,,,,,,,,,,
SofortPDF (207-772-4388),SF_SEARCH_COMP,,,,,,,,Adobe Alternative,1.0,"""adobe alternative""",Phrase,,,,,,,,,,,,,,,,,,,,,,,,,,,,,,
SofortPDF (207-772-4388),SF_SEARCH_COMP,,,,,,,,Adobe Alternative,1.0,adobe acrobat alternative günstig,Broad,,,,,,,,,,,,,,,,,,,,,,,,,,,,,,
SofortPDF (207-772-4388),SF_SEARCH_COMP,,,,,,,,Adobe Alternative,1.0,acrobat alternative günstig online,Broad,,,,,,,,,,,,,,,,,,,,,,,,,,,,,,
